{
  "gizmos-infos": {
    "is2D": false,
    "is3DIcon": false,
    "iconSize": 2,
    "gridVisible": true,
    "gridColor": [
      150,
      150,
      150,
      255
    ],
    "isIconGizmo3D": false,
    "iconGizmoSize": 2,
    "isGridVisible": true
  },
  "camera-infos": {
    "f46876e4-e81b-4931-b493-6d367be385e7": {
      "position": {
        "x": 50,
        "y": 50,
        "z": 50
      },
      "rotation": {
        "x": -0.27984814233312133,
        "y": 0.3647051996310009,
        "z": 0.11591689595929514,
        "w": 0.8804762392171493
      },
      "viewCenter": {
        "x": 0,
        "y": 0,
        "z": 0
      }
    },
    "b273ed0d-51ed-4b0a-b94e-c929e9be2c00": {
      "position": {
        "x": -0.491681839039683,
        "y": 1.3120590498248812,
        "z": 2.6526873202341794
      },
      "rotation": {
        "x": -0.2234577967917317,
        "y": -0.08917432186802488,
        "z": -0.020534336809796664,
        "w": 0.970408622377267
      },
      "viewCenter": {
        "x": 0,
        "y": 0,
        "z": 0
      }
    }
  },
  "camera-uuids": [
    "b273ed0d-51ed-4b0a-b94e-c929e9be2c00"
  ]
}
